{
  "model": {
    "block_sizes_per_N": [
      163,
      1,
      3
    ],
    "means": [
      "0",
      "37/20",
      "59/12"
    ],
    "loadings": [
      "3/10",
      "2/11",
      "20/21"
    ],
    "residual_sds": [
      "sqrt(91)/10",
      "3*sqrt(13)/11",
      "sqrt(41)/21"
    ]
  },
  "method": "exact conditional binomial thinning to the greatest BH fixed point",
  "alphas": [
    0.01,
    0.05,
    0.1
  ],
  "Ns": [
    50,
    100,
    500,
    1000
  ],
  "replications_per_N_alpha": 500000,
  "batch": 20000,
  "base_seed": 20260921,
  "rows": [
    {
      "N": 50,
      "m": 8350,
      "alpha_index": 9,
      "alpha": 0.01,
      "replications": 500000,
      "batch": 20000,
      "seed": 20265921,
      "fdr": 0.010285920381253474,
      "mcse": 7.89499874925583e-05,
      "ci95_lower": 0.010131181249188171,
      "ci95_upper": 0.010440659513318776,
      "rejection_probability": 0.878668,
      "rejection_probability_mcse": 0.0004617586940729974,
      "mean_fixed_point_iterations": 4.293062,
      "maximum_fixed_point_iterations": 34
    },
    {
      "N": 50,
      "m": 8350,
      "alpha_index": 49,
      "alpha": 0.05,
      "replications": 500000,
      "batch": 20000,
      "seed": 20265922,
      "fdr": 0.05118040812131694,
      "mcse": 0.0001389145282222092,
      "ci95_lower": 0.05090814064907204,
      "ci95_upper": 0.05145267559356184,
      "rejection_probability": 0.954304,
      "rejection_probability_mcse": 0.00029532313009312345,
      "mean_fixed_point_iterations": 5.12311,
      "maximum_fixed_point_iterations": 38
    },
    {
      "N": 50,
      "m": 8350,
      "alpha_index": 99,
      "alpha": 0.1,
      "replications": 500000,
      "batch": 20000,
      "seed": 20265923,
      "fdr": 0.1012658477963085,
      "mcse": 0.0001650483629122386,
      "ci95_lower": 0.10094235894929321,
      "ci95_upper": 0.10158933664332379,
      "rejection_probability": 0.980558,
      "rejection_probability_mcse": 0.00019526396818665733,
      "mean_fixed_point_iterations": 6.010798,
      "maximum_fixed_point_iterations": 44
    },
    {
      "N": 100,
      "m": 16700,
      "alpha_index": 9,
      "alpha": 0.01,
      "replications": 500000,
      "batch": 20000,
      "seed": 20270921,
      "fdr": 0.010351992277849349,
      "mcse": 7.9924501934416e-05,
      "ci95_lower": 0.010195343132575592,
      "ci95_upper": 0.010508641423123105,
      "rejection_probability": 0.87564,
      "rejection_probability_mcse": 0.0004666788840305505,
      "mean_fixed_point_iterations": 4.613706,
      "maximum_fixed_point_iterations": 48
    },
    {
      "N": 100,
      "m": 16700,
      "alpha_index": 49,
      "alpha": 0.05,
      "replications": 500000,
      "batch": 20000,
      "seed": 20270922,
      "fdr": 0.05180696434648053,
      "mcse": 0.00014257069388260934,
      "ci95_lower": 0.05152753092121973,
      "ci95_upper": 0.05208639777174133,
      "rejection_probability": 0.954122,
      "rejection_probability_mcse": 0.00029588243988449187,
      "mean_fixed_point_iterations": 5.464442,
      "maximum_fixed_point_iterations": 50
    },
    {
      "N": 100,
      "m": 16700,
      "alpha_index": 99,
      "alpha": 0.1,
      "replications": 500000,
      "batch": 20000,
      "seed": 20270923,
      "fdr": 0.10203070559444195,
      "mcse": 0.00016812676214406893,
      "ci95_lower": 0.10170118319580225,
      "ci95_upper": 0.10236022799308166,
      "rejection_probability": 0.980914,
      "rejection_probability_mcse": 0.00019350309870387112,
      "mean_fixed_point_iterations": 6.383846,
      "maximum_fixed_point_iterations": 57
    },
    {
      "N": 500,
      "m": 83500,
      "alpha_index": 9,
      "alpha": 0.01,
      "replications": 500000,
      "batch": 20000,
      "seed": 20310921,
      "fdr": 0.010385432799806539,
      "mcse": 8.013230606393258e-05,
      "ci95_lower": 0.01022837636592309,
      "ci95_upper": 0.010542489233689988,
      "rejection_probability": 0.874256,
      "rejection_probability_mcse": 0.00046889752924066466,
      "mean_fixed_point_iterations": 5.166416,
      "maximum_fixed_point_iterations": 74
    },
    {
      "N": 500,
      "m": 83500,
      "alpha_index": 49,
      "alpha": 0.05,
      "replications": 500000,
      "batch": 20000,
      "seed": 20310922,
      "fdr": 0.05271238391220138,
      "mcse": 0.00014688430629079076,
      "ci95_lower": 0.05242449596197728,
      "ci95_upper": 0.05300027186242548,
      "rejection_probability": 0.955174,
      "rejection_probability_mcse": 0.0002926316104729632,
      "mean_fixed_point_iterations": 6.15463,
      "maximum_fixed_point_iterations": 94
    },
    {
      "N": 500,
      "m": 83500,
      "alpha_index": 99,
      "alpha": 0.1,
      "replications": 500000,
      "batch": 20000,
      "seed": 20310923,
      "fdr": 0.10305278378741016,
      "mcse": 0.00017038463053900514,
      "ci95_lower": 0.10271883604803454,
      "ci95_upper": 0.10338673152678578,
      "rejection_probability": 0.98201,
      "rejection_probability_mcse": 0.00018796999707400088,
      "mean_fixed_point_iterations": 7.273042,
      "maximum_fixed_point_iterations": 97
    },
    {
      "N": 1000,
      "m": 167000,
      "alpha_index": 9,
      "alpha": 0.01,
      "replications": 500000,
      "batch": 20000,
      "seed": 20360921,
      "fdr": 0.010610874635897521,
      "mcse": 8.303970199951887e-05,
      "ci95_lower": 0.010448119810691527,
      "ci95_upper": 0.010773629461103516,
      "rejection_probability": 0.87401,
      "rejection_probability_mcse": 0.00046928993149224934,
      "mean_fixed_point_iterations": 5.404082,
      "maximum_fixed_point_iterations": 107
    },
    {
      "N": 1000,
      "m": 167000,
      "alpha_index": 49,
      "alpha": 0.05,
      "replications": 500000,
      "batch": 20000,
      "seed": 20360922,
      "fdr": 0.05313367299745379,
      "mcse": 0.0001484845340970409,
      "ci95_lower": 0.052842648658362384,
      "ci95_upper": 0.0534246973365452,
      "rejection_probability": 0.956266,
      "rejection_probability_mcse": 0.0002892104328823566,
      "mean_fixed_point_iterations": 6.459722,
      "maximum_fixed_point_iterations": 99
    },
    {
      "N": 1000,
      "m": 167000,
      "alpha_index": 99,
      "alpha": 0.1,
      "replications": 500000,
      "batch": 20000,
      "seed": 20360923,
      "fdr": 0.10323011071322076,
      "mcse": 0.000169949610193541,
      "ci95_lower": 0.1028970155980548,
      "ci95_upper": 0.10356320582838673,
      "rejection_probability": 0.983212,
      "rejection_probability_mcse": 0.00018169294458508854,
      "mean_fixed_point_iterations": 7.641398,
      "maximum_fixed_point_iterations": 114
    }
  ]
}
